,country,year,consumption_emissions,effective_parties,general_conscious,federalism_status,development,population,share_green
1,Australia,1990,66.37,-0.540760365,NA,1.444502966,1.029986189,-0.234094182,0
2,Australia,1991,66.55,-0.540760365,NA,1.444502966,1.029986189,-0.232454663,0
3,Australia,1992,67.26,-0.540760365,NA,1.444502966,1.029986189,-0.230997206,0
4,Australia,1993,67.52,-0.762203686,NA,1.444502966,1.029986189,-0.229827543,0
5,Australia,1994,69.81,-0.762203686,0.047870553,1.444502966,1.029986189,-0.228549379,0
6,Australia,1995,71.34,-0.762203686,0.047870553,1.444502966,1.095093136,-0.22705586,0
7,Australia,1996,73.08,-0.608156158,0.047870553,1.444502966,1.095093136,-0.225409024,0
8,Australia,1997,75.14,-0.608156158,0.047870553,1.444502966,1.160200084,-0.223924073,0
9,Australia,1998,80.37,-0.478178557,0.047870553,1.444502966,1.160200084,-0.222541902,0
10,Australia,1999,80.63,-0.478178557,NA,1.444502966,1.160200084,-0.221008944,0
11,Australia,2000,79.2,-0.478178557,NA,1.444502966,1.225307031,-0.219387174,0
12,Australia,2001,81.57,-0.487806527,NA,1.444502966,1.225307031,-0.217545505,0
13,Australia,2002,86.67,-0.487806527,NA,1.444502966,1.225307031,-0.215893995,0
14,Australia,2003,91.36,-0.487806527,NA,1.444502966,1.290413978,-0.214204902,0
15,Australia,2004,94.03,-0.617784129,NA,1.444502966,1.290413978,-0.212617233,0
16,Australia,2005,93.87,-0.617784129,0.357838997,1.444502966,1.290413978,-0.210788872,0
17,Australia,2006,97.25,-0.617784129,0.357838997,1.444502966,1.290413978,-0.208735826,0
18,Australia,2007,100.5,-0.685179922,0.357838997,1.444502966,1.355520926,-0.205914847,0
19,Australia,2008,99.3,-0.685179922,0.357838997,1.444502966,1.355520926,-0.202757431,0
20,Australia,2009,107.74,-0.685179922,0.357838997,1.444502966,1.355520926,-0.199443655,0
21,Australia,2010,108.05,-0.767017672,0.280346886,1.444502966,1.355520926,-0.196896487,0.7
22,Australia,2011,107.61,-0.767017672,0.280346886,1.444502966,1.420627873,-0.194587657,0.7
23,Australia,2012,109.68,-0.767017672,0.280346886,1.444502966,1.420627873,-0.191640967,0.7
24,Australia,2013,103.86,-0.694807893,0.280346886,NA,1.420627873,-0.188685116,0.7
25,Australia,2014,104.13,-0.694807893,0.280346886,NA,1.420627873,-0.186082076,0.7
26,Australia,2015,104.35,-0.694807893,NA,NA,1.420627873,-0.183533319,0.7
27,Australia,2016,101.64,-0.598528188,NA,NA,1.485734821,-0.180725402,0.7
28,Austria,1990,24.37,-0.617784129,NA,1.444502966,0.704451452,-0.30440054,5.5
29,Austria,1991,24.84,-0.617784129,NA,1.444502966,0.769558399,-0.303823539,5.5
30,Austria,1992,25.4,-0.617784129,NA,1.444502966,0.769558399,-0.303180802,5.5
31,Austria,1993,24.31,-0.617784129,NA,1.444502966,0.834665346,-0.302694551,5.5
32,Austria,1994,24.22,-0.280805162,NA,1.444502966,0.899772294,-0.302466233,7.1
33,Austria,1995,25.32,-0.415596749,NA,1.444502966,0.899772294,-0.30237516,4.9
34,Austria,1996,27.49,-0.415596749,NA,1.444502966,0.899772294,-0.30229473,4.9
35,Austria,1997,25.89,-0.415596749,NA,1.444502966,0.964879241,-0.302227144,4.9
36,Austria,1998,26.82,-0.415596749,NA,1.444502966,0.964879241,-0.302161626,4.9
37,Austria,1999,26.35,-0.304875088,NA,1.444502966,1.029986189,-0.302045276,7.7
38,Austria,2000,25.05,-0.304875088,NA,1.444502966,1.029986189,-0.301901162,7.7
39,Austria,2001,26.32,-0.304875088,NA,1.444502966,1.095093136,-0.301671031,7.7
40,Austria,2002,25.93,-0.689993908,NA,1.444502966,1.095093136,-0.301373966,9.3
41,Austria,2003,27.56,-0.689993908,NA,1.444502966,1.095093136,-0.301078384,9.3
42,Austria,2004,28.58,-0.689993908,NA,1.444502966,1.160200084,-0.300699841,9.3
43,Austria,2005,29.15,-0.689993908,NA,1.444502966,1.160200084,-0.300281453,9.3
44,Austria,2006,30.05,-0.357828926,NA,1.444502966,1.160200084,-0.29997579,11.5
45,Austria,2007,28.82,-0.357828926,NA,1.444502966,1.225307031,-0.299774726,11.5
46,Austria,2008,28.29,0.162081481,NA,1.444502966,1.225307031,-0.29957993,10.9
47,Austria,2009,26,0.162081481,NA,1.444502966,1.225307031,-0.299416456,10.9
48,Austria,2010,27.63,0.162081481,NA,1.444502966,1.225307031,-0.299266059,10.9
49,Austria,2011,28.16,0.162081481,NA,1.444502966,1.225307031,-0.299054562,10.9
50,Austria,2012,27.19,0.162081481,NA,1.444502966,1.290413978,-0.298767353,10.9
51,Austria,2013,25.9,0.33538495,NA,NA,1.225307031,-0.298394135,13.1
52,Austria,2014,26.14,0.33538495,NA,NA,1.290413978,-0.297895833,13.1
53,Austria,2015,24.35,0.33538495,NA,NA,1.290413978,-0.297174269,13.1
54,Austria,2016,25.3,0.33538495,NA,NA,1.355520926,-0.296470485,13.1
55,Belgium,1990,42.25,1.765138569,NA,1.444502966,0.704451452,-0.28725303,4.2
56,Belgium,1991,42.47,2.578702076,NA,1.444502966,0.704451452,-0.286975116,8
57,Belgium,1992,47.06,2.578702076,NA,1.444502966,0.769558399,-0.286670501,8
58,Belgium,1993,44.45,2.578702076,NA,1.444502966,0.899772294,-0.286376035,8
59,Belgium,1994,44.21,2.578702076,NA,1.444502966,0.964879241,-0.286142901,8
60,Belgium,1995,45.39,2.357258754,NA,1.444502966,1.029986189,-0.285984063,7.3
61,Belgium,1996,44.92,2.357258754,NA,1.444502966,1.029986189,-0.285835575,7.3
62,Belgium,1997,46.24,2.357258754,NA,1.444502966,1.095093136,-0.285651273,7.3
63,Belgium,1998,49.05,2.357258754,NA,1.444502966,1.095093136,-0.285488278,7.3
64,Belgium,1999,50.57,2.809773368,NA,1.444502966,1.095093136,-0.285312941,13.3
65,Belgium,2000,51.72,2.809773368,NA,1.444502966,1.160200084,-0.285126968,13.3
66,Belgium,2001,51.46,2.809773368,NA,1.444502966,1.160200084,-0.284862437,13.3
67,Belgium,2002,52.79,2.809773368,NA,1.444502966,1.160200084,-0.284516309,13.3
68,Belgium,2003,56.3,2.111745507,NA,1.444502966,1.160200084,-0.284191652,2.7
69,Belgium,2004,59.65,2.111745507,NA,1.444502966,1.225307031,-0.283854593,2.7
70,Belgium,2005,61.7,2.111745507,NA,1.444502966,1.225307031,-0.283424095,2.7
71,Belgium,2006,61.61,2.111745507,NA,1.444502966,1.225307031,-0.282904763,2.7
72,Belgium,2007,64.25,2.208025212,NA,1.444502966,1.290413978,-0.282322511,8
73,Belgium,2008,64.01,2.208025212,NA,1.444502966,1.290413978,-0.281691345,8
74,Belgium,2009,54.76,2.208025212,NA,1.444502966,1.290413978,-0.281043351,8
75,Belgium,2010,58.95,2.689423736,NA,1.444502966,1.290413978,-0.28030119,8.6
76,Belgium,2011,59.96,2.689423736,NA,1.444502966,1.290413978,-0.279232598,8.6
77,Belgium,2012,57.27,2.689423736,NA,1.444502966,1.355520926,-0.278718307,8.6
78,Belgium,2013,57.45,2.689423736,NA,NA,1.355520926,-0.278325293,8.6
79,Belgium,2014,58.06,2.405398607,NA,NA,1.355520926,-0.277953438,8
80,Belgium,2015,56.94,2.405398607,NA,NA,1.355520926,-0.277465577,8
81,Belgium,2016,56.84,2.405398607,NA,NA,1.420627873,-0.277036981,8
82,Bulgaria,1990,16.75,NA,NA,-0.702350531,-0.207045812,-0.296608135,0
83,Bulgaria,1991,12.21,-0.16045553,NA,-0.702350531,-0.207045812,-0.297251651,0
84,Bulgaria,1992,11.53,-0.16045553,NA,-0.702350531,-0.141938865,-0.297942208,0
85,Bulgaria,1993,12.42,-0.16045553,NA,-0.702350531,-0.141938865,-0.298450381,0
86,Bulgaria,1994,11.36,-0.309689073,-1.889432221,-0.702350531,-0.141938865,-0.298665495,0
87,Bulgaria,1995,12.72,-0.309689073,-1.889432221,-0.702350531,-0.076831917,-0.298946533,0
88,Bulgaria,1996,13.35,-0.309689073,-1.889432221,-0.702350531,-0.01172497,-0.299270388,0
89,Bulgaria,1997,12.73,-0.689993908,-1.889432221,-0.702350531,-0.01172497,-0.299650542,0
90,Bulgaria,1998,12.54,-0.689993908,-1.889432221,-0.702350531,0.053381977,-0.300064578,0
91,Bulgaria,1999,11.36,-0.689993908,NA,-0.702350531,0.053381977,-0.30041031,0
92,Bulgaria,2000,11.59,-0.689993908,NA,-0.702350531,0.118488925,-0.300713277,0
93,Bulgaria,2001,12.41,-0.261549221,NA,-0.702350531,0.118488925,-0.301919317,0
94,Bulgaria,2002,11.82,-0.261549221,NA,-0.702350531,0.183595872,-0.303207375,0
95,Bulgaria,2003,12.65,-0.261549221,NA,-0.702350531,0.24870282,-0.303670483,0
96,Bulgaria,2004,12.51,-0.261549221,NA,-0.702350531,0.313809767,-0.304108374,0
97,Bulgaria,2005,13.26,0.648293991,-1.501971666,-0.702350531,0.313809767,-0.304541928,0
98,Bulgaria,2006,13.91,0.648293991,-1.501971666,-0.702350531,0.378916714,-0.304975946,0
99,Bulgaria,2007,14.75,0.648293991,-1.501971666,-0.702350531,0.378916714,-0.305392994,0
100,Bulgaria,2008,15.02,0.648293991,-1.501971666,-0.702350531,0.444023662,-0.305788269,0
101,Bulgaria,2009,12.3,-0.025663943,-1.501971666,-0.702350531,0.509130609,-0.306148651,0
102,Bulgaria,2010,12.3,-0.025663943,NA,-0.702350531,0.509130609,-0.306514469,0
103,Bulgaria,2011,12.86,-0.025663943,NA,-0.702350531,0.509130609,-0.306868507,0
104,Bulgaria,2012,12.04,-0.025663943,NA,-0.702350531,0.574237557,-0.307186363,0
105,Bulgaria,2013,10.47,0.402780744,NA,NA,0.639344504,-0.307491734,0
106,Bulgaria,2014,10.67,0.576084213,NA,NA,0.639344504,-0.307800131,0
107,Bulgaria,2015,11.12,0.576084213,NA,NA,0.639344504,-0.308144252,0
108,Bulgaria,2016,10.85,0.576084213,NA,NA,0.639344504,-0.308519995,0
109,Canada,1990,131.82,-0.680365937,NA,1.444502966,0.964879241,-0.154510295,0
110,Canada,1991,131.64,-0.680365937,NA,1.444502966,0.964879241,-0.151916804,0
111,Canada,1992,135.21,-0.680365937,NA,1.444502966,1.029986189,-0.149416467,0
112,Canada,1993,131.72,-0.256735235,NA,1.444502966,1.029986189,-0.147068497,0
113,Canada,1994,133.08,-0.256735235,NA,1.444502966,1.029986189,-0.14470256,0
114,Canada,1995,135.25,-0.256735235,NA,1.444502966,1.095093136,-0.142443357,0
115,Canada,1996,137.88,-0.256735235,NA,1.444502966,1.095093136,-0.140137276,0
116,Canada,1997,146.58,-0.179711471,NA,1.444502966,1.095093136,-0.137922396,0
117,Canada,1998,147.6,-0.179711471,NA,1.444502966,1.095093136,-0.136055816,0
118,Canada,1999,147.83,-0.179711471,0.900283774,1.444502966,1.095093136,-0.134212544,0
119,Canada,2000,158.35,-0.328945014,0.900283774,1.444502966,1.160200084,-0.13208219,0
120,Canada,2001,152.54,-0.328945014,0.900283774,1.444502966,1.160200084,-0.129571907,0
121,Canada,2002,159.02,-0.328945014,0.900283774,1.444502966,1.160200084,-0.127031629,0
122,Canada,2003,157.48,-0.328945014,0.900283774,1.444502966,1.225307031,-0.124904983,0
123,Canada,2004,159.4,-0.324131029,0.900283774,1.444502966,1.225307031,-0.122683384,0
124,Canada,2005,166.21,-0.324131029,1.287744328,1.444502966,1.225307031,-0.12041332,0
125,Canada,2006,157.37,-0.338572985,1.287744328,1.444502966,1.290413978,-0.117961089,0
126,Canada,2007,163.79,-0.338572985,1.287744328,1.444502966,1.290413978,-0.115580532,0
127,Canada,2008,159.5,-0.280805162,1.287744328,1.444502966,1.290413978,-0.112898582,0
128,Canada,2009,157.12,-0.280805162,1.287744328,1.444502966,1.290413978,-0.110039249,0
129,Canada,2010,166,-0.280805162,NA,1.444502966,1.290413978,-0.107223229,0
130,Canada,2011,164.46,-0.492620513,NA,1.444502966,1.355520926,-0.104718436,0.3
131,Canada,2012,158.25,-0.492620513,NA,1.444502966,1.355520926,-0.101910653,0.3
132,Canada,2013,158.37,-0.492620513,NA,NA,1.355520926,-0.099149022,0.3
133,Canada,2014,153.21,-0.492620513,NA,NA,1.420627873,-0.096494123,0.3
134,Canada,2015,148.5,-0.540760365,NA,NA,1.420627873,-0.094505854,0.3
135,Canada,2016,142.94,-0.540760365,NA,NA,1.420627873,-0.091460766,0.3
136,Croatia,1990,5.72,NA,NA,NA,NA,-0.326123805,NA
137,Croatia,1991,4.26,NA,NA,NA,NA,-0.326785476,NA
138,Croatia,1992,4.96,-0.126757634,NA,-0.702350531,NA,-0.327633321,NA
139,Croatia,1993,4.96,-0.126757634,NA,-0.702350531,NA,-0.327448742,NA
140,Croatia,1994,4.85,-0.126757634,-0.494574223,-0.702350531,NA,-0.327062574,NA
141,Croatia,1995,5.36,-0.328945014,-0.494574223,-0.702350531,-0.01172497,-0.327302194,NA
142,Croatia,1996,5.36,-0.328945014,-0.494574223,-0.702350531,0.053381977,-0.327773533,NA
143,Croatia,1997,5.68,-0.328945014,-0.494574223,-0.702350531,0.118488925,-0.327939628,NA
144,Croatia,1998,5.58,-0.328945014,-0.494574223,-0.702350531,0.183595872,-0.327960487,NA
145,Croatia,1999,6.01,-0.328945014,NA,-0.702350531,0.24870282,-0.328106817,NA
146,Croatia,2000,5.91,-0.271177191,NA,-0.702350531,0.313809767,-0.328438566,0
147,Croatia,2001,6.71,-0.271177191,NA,-0.702350531,0.378916714,-0.329701752,0
148,Croatia,2002,7.18,-0.271177191,NA,-0.702350531,0.444023662,-0.329682788,0
149,Croatia,2003,6.92,0.710875799,NA,-0.702350531,0.444023662,-0.329673613,0
150,Croatia,2004,7.09,0.710875799,NA,-0.702350531,0.574237557,-0.329664618,0
151,Croatia,2005,7.08,0.710875799,NA,-0.702350531,0.574237557,-0.329623089,0
152,Croatia,2006,7.75,0.710875799,NA,-0.702350531,0.639344504,-0.329615495,0
153,Croatia,2007,8.1,-0.107501693,NA,-0.702350531,0.704451452,-0.32962255,0
154,Croatia,2008,9.2,-0.107501693,NA,-0.702350531,0.704451452,-0.329626384,0
155,Croatia,2009,7,-0.107501693,NA,-0.702350531,0.704451452,-0.329660267,0
156,Croatia,2010,6.61,-0.107501693,NA,-0.702350531,0.704451452,-0.32973332,0
157,Croatia,2011,6.34,-0.314503058,NA,-0.702350531,0.769558399,-0.329844202,0
158,Croatia,2012,6.42,-0.314503058,NA,-0.702350531,0.769558399,-0.329942046,0
159,Croatia,2013,6.42,-0.314503058,NA,NA,0.834665346,-0.330030939,0
160,Croatia,2014,5.22,-0.314503058,NA,NA,0.834665346,-0.330160508,0
161,Croatia,2015,5.87,NA,NA,NA,0.834665346,-0.330421032,0
162,Croatia,2016,6.17,-0.324131029,NA,NA,0.899772294,-0.330640138,0
163,Cyprus,1990,1.86,-0.401154793,NA,1.444502966,0.053381977,-0.355998577,0
164,Cyprus,1991,1.89,-0.377084867,NA,1.444502966,0.053381977,-0.35591948,0
165,Cyprus,1992,2.28,-0.377084867,NA,1.444502966,0.118488925,-0.355834324,0
166,Cyprus,1993,2.07,-0.377084867,NA,1.444502966,0.313809767,-0.355717824,0
167,Cyprus,1994,2.07,-0.377084867,NA,1.444502966,0.378916714,-0.355579582,0
168,Cyprus,1995,2.13,-0.377084867,NA,1.444502966,0.444023662,-0.355444965,0
169,Cyprus,1996,2.46,-0.319317044,NA,1.444502966,0.444023662,-0.35531285,0
170,Cyprus,1997,2.24,-0.319317044,NA,1.444502966,0.509130609,-0.355182434,0
171,Cyprus,1998,2.71,-0.319317044,NA,1.444502966,0.509130609,-0.355053697,0
172,Cyprus,1999,2.28,-0.319317044,NA,1.444502966,0.509130609,-0.354926824,0
173,Cyprus,2000,2.08,-0.319317044,NA,1.444502966,0.574237557,-0.354802221,0
174,Cyprus,2001,2.12,-0.333758999,NA,1.444502966,0.574237557,-0.354677947,1.8
175,Cyprus,2002,2.26,-0.333758999,NA,1.444502966,0.704451452,-0.354547898,1.8
176,Cyprus,2003,2.32,-0.333758999,NA,1.444502966,0.704451452,-0.354411918,1.8
177,Cyprus,2004,2.53,-0.333758999,NA,1.444502966,0.769558399,-0.354274605,1.8
178,Cyprus,2005,2.63,-0.333758999,0.59031533,1.444502966,0.769558399,-0.354136963,1.8
179,Cyprus,2006,2.69,-0.078617781,0.59031533,1.444502966,0.834665346,-0.353999335,1.8
180,Cyprus,2007,2.93,-0.078617781,0.59031533,1.444502966,0.899772294,-0.353861265,1.8
181,Cyprus,2008,3.22,-0.078617781,0.59031533,1.444502966,0.964879241,-0.353722581,1.8
182,Cyprus,2009,2.38,-0.078617781,0.59031533,1.444502966,0.964879241,-0.353583396,1.8
183,Cyprus,2010,2.36,-0.078617781,1.132760106,1.444502966,0.964879241,-0.353443252,1.8
184,Cyprus,2011,2.28,-0.290433132,1.132760106,1.444502966,0.964879241,-0.353327913,1.8
185,Cyprus,2012,2.23,-0.290433132,1.132760106,1.444502966,0.964879241,-0.353242008,1.8
186,Cyprus,2013,1.78,-0.290433132,1.132760106,NA,0.964879241,-0.353164027,1.8
187,Cyprus,2014,1.94,-0.290433132,1.132760106,NA,1.029986189,-0.353088929,1.8
188,Cyprus,2015,1.83,-0.290433132,NA,NA,1.029986189,-0.353011899,1.8
189,Cyprus,2016,1.88,0.311315024,NA,NA,1.095093136,-0.352932503,3.6
190,Czechia,1990,41.31,NA,NA,NA,NA,-0.28451204,NA
191,Czechia,1991,35.66,NA,NA,NA,NA,-0.284697608,NA
192,Czechia,1992,40.48,NA,NA,NA,NA,-0.284618631,NA
193,Czechia,1993,36.15,NA,NA,1.444502966,0.24870282,-0.284538253,0
194,Czechia,1994,34.25,NA,-0.029621558,1.444502966,0.313809767,-0.284510302,0
195,Czechia,1995,33.75,NA,-0.029621558,1.444502966,0.378916714,-0.284557741,0
196,Czechia,1996,33.4,0.422036685,-0.029621558,1.444502966,0.444023662,-0.284647705,0
197,Czechia,1997,32.38,0.422036685,-0.029621558,1.444502966,0.509130609,-0.284730914,0
198,Czechia,1998,31.18,0.128383584,-0.029621558,1.444502966,0.509130609,-0.284803997,0
199,Czechia,1999,30.09,0.128383584,NA,1.444502966,0.574237557,-0.284882734,0
200,Czechia,2000,32.86,0.128383584,NA,1.444502966,0.639344504,-0.28509841,0
201,Czechia,2001,33.28,0.128383584,NA,1.444502966,0.704451452,-0.285386443,0
202,Czechia,2002,34.09,0.176523437,NA,1.444502966,0.704451452,-0.285533904,0
203,Czechia,2003,32.99,0.176523437,NA,1.444502966,0.769558399,-0.285555759,0
204,Czechia,2004,31.51,0.176523437,NA,1.444502966,0.834665346,-0.285532519,0
205,Czechia,2005,30.11,0.176523437,NA,1.444502966,0.834665346,-0.285426804,0
206,Czechia,2006,31.52,-0.261549221,NA,1.444502966,0.899772294,-0.285219426,3
207,Czechia,2007,33.25,-0.261549221,NA,1.444502966,0.964879241,-0.284770631,3
208,Czechia,2008,33.91,-0.261549221,NA,1.444502966,0.964879241,-0.284128216,3
209,Czechia,2009,31.18,-0.261549221,NA,1.444502966,1.029986189,-0.283683839,3
210,Czechia,2010,32.94,1.10562259,NA,1.444502966,1.029986189,-0.283455603,0
211,Czechia,2011,31.64,1.10562259,NA,1.444502966,1.029986189,-0.283293245,0
212,Czechia,2012,30.26,1.10562259,NA,1.444502966,1.029986189,-0.283183171,0
213,Czechia,2013,29.74,1.495555395,NA,NA,1.095093136,-0.283157055,0
214,Czechia,2014,28.09,1.495555395,NA,NA,1.160200084,-0.283074108,0
215,Czechia,2015,28.59,1.495555395,NA,NA,1.160200084,-0.282918985,0
216,Czechia,2016,28.92,1.495555395,NA,NA,1.160200084,-0.28276715,0
217,Denmark,1990,16.95,0.186151407,NA,-0.702350531,0.769558399,-0.323400827,0
218,Denmark,1991,17.96,0.186151407,NA,-0.702350531,0.834665346,-0.323300774,0
219,Denmark,1992,18.98,0.186151407,NA,-0.702350531,0.834665346,-0.323172913,0
220,Denmark,1993,18.34,0.186151407,NA,-0.702350531,0.834665346,-0.323043659,0
221,Denmark,1994,18.81,0.147639525,NA,-0.702350531,0.899772294,-0.322912202,0
222,Denmark,1995,18.61,0.147639525,NA,-0.702350531,0.899772294,-0.322708539,0
223,Denmark,1996,19.94,0.147639525,NA,-0.702350531,0.964879241,-0.322486093,0
224,Denmark,1997,18.41,0.147639525,NA,-0.702350531,1.029986189,-0.322321944,0
225,Denmark,1998,17.9,0.138011555,NA,-0.702350531,1.095093136,-0.322177936,0
226,Denmark,1999,18.94,0.138011555,NA,-0.702350531,1.160200084,-0.32204627,0
227,Denmark,2000,17.9,0.138011555,NA,-0.702350531,1.160200084,-0.321912829,0
228,Denmark,2001,18.12,0.113941629,NA,-0.702350531,1.160200084,-0.321769277,0
229,Denmark,2002,18.15,0.113941629,NA,-0.702350531,1.225307031,-0.321640846,0
230,Denmark,2003,18.46,0.113941629,NA,-0.702350531,1.225307031,-0.321531177,0
231,Denmark,2004,19.2,0.113941629,NA,-0.702350531,1.290413978,-0.321426705,0
232,Denmark,2005,18.25,0.354640891,NA,-0.702350531,1.290413978,-0.321315044,0
233,Denmark,2006,19.81,0.354640891,NA,-0.702350531,1.290413978,-0.32118143,0
234,Denmark,2007,19.15,0.460548567,NA,-0.702350531,1.290413978,-0.321000438,0
235,Denmark,2008,18.66,0.460548567,NA,-0.702350531,1.355520926,-0.320759403,0
236,Denmark,2009,17,0.460548567,NA,-0.702350531,1.290413978,-0.320538656,0
237,Denmark,2010,17.05,0.460548567,NA,-0.702350531,1.290413978,-0.320354503,0
238,Denmark,2011,16.34,0.609782109,NA,-0.702350531,1.420627873,-0.320183075,0
239,Denmark,2012,14.44,0.609782109,NA,-0.702350531,1.420627873,-0.320025795,0
240,Denmark,2013,14.29,0.609782109,NA,NA,1.420627873,-0.319850839,0
241,Denmark,2014,13.93,0.609782109,NA,NA,1.420627873,-0.319637066,0
242,Denmark,2015,13.43,0.672363917,NA,NA,1.485734821,-0.319337424,5.1
243,Denmark,2016,13.55,0.672363917,NA,NA,1.485734821,-0.319003938,5.1
244,Estonia,1990,8.57,NA,NA,NA,NA,-0.35015169,NA
245,Estonia,1991,8.27,NA,NA,NA,NA,-0.350210558,NA
246,Estonia,1992,6.57,2.053977684,NA,NA,0.053381977,-0.350421935,1
247,Estonia,1993,4.91,2.053977684,NA,-0.702350531,-0.01172497,-0.35071375,1
248,Estonia,1994,4.55,2.053977684,1.287744328,-0.702350531,-0.01172497,-0.350950524,1
249,Estonia,1995,4.29,0.710875799,1.287744328,-0.702350531,0.118488925,-0.351144354,0
250,Estonia,1996,4.58,0.710875799,1.287744328,-0.702350531,0.183595872,-0.351301933,0
251,Estonia,1997,4.35,0.710875799,1.287744328,-0.702350531,0.313809767,-0.351422208,0
252,Estonia,1998,4.67,0.710875799,1.287744328,-0.702350531,0.313809767,-0.35152241,0
253,Estonia,1999,5.4,1.163390413,NA,-0.702350531,0.378916714,-0.351491793,0
254,Estonia,2000,5.54,1.163390413,NA,-0.702350531,0.509130609,-0.351441306,0
255,Estonia,2001,5.17,1.163390413,NA,-0.702350531,0.574237557,-0.351507738,0
256,Estonia,2002,5.41,1.163390413,NA,-0.702350531,0.639344504,-0.351573384,0
257,Estonia,2003,5.65,0.465362552,NA,-0.702350531,0.704451452,-0.351638019,0
258,Estonia,2004,5.68,0.465362552,NA,-0.702350531,0.769558399,-0.351699208,0
259,Estonia,2005,5.28,0.465362552,NA,-0.702350531,0.834665346,-0.35175744,0
260,Estonia,2006,5.78,0.465362552,NA,-0.702350531,0.899772294,-0.351817094,0
261,Estonia,2007,5.8,0.272803142,NA,-0.702350531,0.899772294,-0.351863005,5.9
262,Estonia,2008,4.79,0.272803142,NA,-0.702350531,0.964879241,-0.351889892,5.9
263,Estonia,2009,3.84,0.272803142,NA,-0.702350531,0.964879241,-0.351909178,5.9
264,Estonia,2010,4.71,0.272803142,1.210252217,-0.702350531,0.964879241,-0.351931946,5.9
265,Estonia,2011,5.34,0.13319757,1.210252217,-0.702350531,1.029986189,-0.351962173,0
266,Estonia,2012,4.81,0.13319757,1.210252217,-0.702350531,1.029986189,-0.351997696,0
267,Estonia,2013,4.69,0.13319757,1.210252217,NA,1.095093136,-0.35203289,0
268,Estonia,2014,4.73,0.13319757,1.210252217,NA,1.095093136,-0.352058744,0
269,Estonia,2015,4.93,0.330570965,NA,NA,1.095093136,-0.352052288,0
270,Estonia,2016,4.54,0.330570965,NA,NA,1.095093136,-0.352049419,0
271,Finland,1990,22.02,0.816783475,NA,1.444502966,0.639344504,-0.32455802,2
272,Finland,1991,20.36,0.691619858,NA,1.444502966,0.704451452,-0.324353489,5
273,Finland,1992,28.31,0.691619858,NA,1.444502966,0.704451452,-0.324141894,5
274,Finland,1993,23.25,0.691619858,NA,1.444502966,0.769558399,-0.323958738,5
275,Finland,1994,21.39,0.691619858,-1.114511111,1.444502966,0.834665346,-0.323794822,5
276,Finland,1995,20.55,0.633852036,-1.114511111,1.444502966,0.899772294,-0.323649098,4.5
277,Finland,1996,20.42,0.633852036,-1.114511111,1.444502966,0.899772294,-0.323523401,4.5
278,Finland,1997,20.07,0.633852036,-1.114511111,1.444502966,0.964879241,-0.323409096,4.5
279,Finland,1998,19.51,0.633852036,-1.114511111,1.444502966,1.029986189,-0.323306766,4.5
280,Finland,1999,20.2,0.710875799,NA,1.444502966,1.095093136,-0.323217071,5.5
281,Finland,2000,21.57,0.710875799,NA,1.444502966,1.160200084,-0.323136671,5.5
282,Finland,2001,22.17,0.710875799,NA,1.444502966,1.225307031,-0.323048302,5.5
283,Finland,2002,22.27,0.710875799,NA,1.444502966,1.225307031,-0.322954009,5.5
284,Finland,2003,24.42,0.576084213,NA,1.444502966,1.290413978,-0.322861019,7
285,Finland,2004,23.31,0.576084213,NA,1.444502966,1.225307031,-0.322747492,7
286,Finland,2005,22.06,0.576084213,0.125362664,1.444502966,1.225307031,-0.32261325,7
287,Finland,2006,24.49,0.576084213,0.125362664,1.444502966,1.290413978,-0.322462171,7
288,Finland,2007,24.22,0.686805873,0.125362664,1.444502966,1.290413978,-0.322294016,7.5
289,Finland,2008,22.58,0.686805873,0.125362664,1.444502966,1.290413978,-0.322109182,7.5
290,Finland,2009,19.06,0.686805873,0.125362664,1.444502966,1.290413978,-0.321918408,7.5
291,Finland,2010,22.57,0.686805873,NA,1.444502966,1.290413978,-0.321735057,7.5
292,Finland,2011,19.32,0.966017018,NA,1.444502966,1.355520926,-0.321548418,5
293,Finland,2012,18.52,0.966017018,NA,1.444502966,1.355520926,-0.321355944,5
294,Finland,2013,18.17,0.966017018,NA,NA,1.420627873,-0.321168698,5
295,Finland,2014,16.82,0.966017018,NA,NA,1.420627873,-0.320999884,5
296,Finland,2015,15.05,1.01415687,NA,NA,1.420627873,-0.32086493,7.5
297,Finland,2016,15.6,1.01415687,NA,NA,1.420627873,-0.320746805,7.5
298,France,1990,134.44,-0.035291914,NA,-0.702350531,0.509130609,0.072823814,0
299,France,1991,137.69,-0.035291914,NA,-0.702350531,0.574237557,0.076665017,0
300,France,1992,148.71,-0.035291914,NA,-0.702350531,0.639344504,0.078854703,0
301,France,1993,137.58,1.086366649,NA,-0.702350531,0.639344504,0.080773694,0
302,France,1994,134.21,1.086366649,NA,-0.702350531,0.704451452,0.08243202,0
303,France,1995,136.67,1.086366649,NA,-0.702350531,0.769558399,0.084050314,0
304,France,1996,137.04,1.086366649,NA,-0.702350531,0.769558399,0.085644642,0
305,France,1997,133.07,1.0045289,NA,-0.702350531,0.834665346,0.087242991,1.4
306,France,1998,138.61,1.0045289,NA,-0.702350531,0.834665346,0.088912004,1.4
307,France,1999,139.18,1.0045289,NA,-0.702350531,0.834665346,0.091245968,1.4
308,France,2000,140.94,1.0045289,NA,-0.702350531,0.834665346,0.094368835,1.4
309,France,2001,141.04,1.0045289,NA,-0.702350531,0.899772294,0.097709198,1.4
310,France,2002,139.42,0.369082847,NA,-0.702350531,0.899772294,0.101070847,0.5
311,France,2003,142.08,0.369082847,NA,-0.702350531,0.899772294,0.104371755,0.5
312,France,2004,147.89,0.369082847,NA,1.444502966,0.964879241,0.107811969,0.5
313,France,2005,150.37,0.369082847,0.822791663,-0.702350531,1.029986189,0.111347696,0.5
314,France,2006,150.25,0.369082847,0.822791663,-0.702350531,1.029986189,0.114642089,0.5
315,France,2007,150.35,-0.064175825,0.822791663,-0.702350531,1.029986189,0.117589041,0.7
316,France,2008,148.76,-0.064175825,0.822791663,-0.702350531,1.029986189,0.120269988,0.7
317,France,2009,137.68,-0.064175825,0.822791663,-0.702350531,1.029986189,0.122750395,0.7
318,France,2010,137.46,-0.064175825,NA,-0.702350531,1.095093136,0.12514477,0.7
319,France,2011,136.76,-0.064175825,NA,-0.702350531,1.095093136,0.127501413,0.7
320,France,2012,131.14,0.373896832,NA,-0.702350531,1.095093136,0.129875648,2.9
321,France,2013,127.56,0.373896832,NA,NA,1.160200084,0.132422457,2.9
322,France,2014,119.11,0.373896832,NA,NA,1.160200084,0.134742551,2.9
323,France,2015,115.69,0.373896832,NA,NA,1.160200084,0.136511617,2.9
324,France,2016,117.83,0.373896832,NA,NA,1.160200084,0.137828517,2.9
325,Germany,1990,325.29,-0.338572985,NA,1.444502966,0.769558399,0.233012471,1.2
326,Germany,1991,311.54,NA,NA,1.444502966,0.769558399,0.237362895,1.2
327,Germany,1992,328.64,NA,NA,1.444502966,0.834665346,0.24193677,1.2
328,Germany,1993,315.9,NA,NA,1.444502966,0.899772294,0.245919443,1.2
329,Germany,1994,308.72,-0.34338697,0.977775885,1.444502966,0.964879241,0.24803138,7.3
330,Germany,1995,310.52,-0.34338697,0.977775885,1.444502966,0.964879241,0.249826644,7.3
331,Germany,1996,306.03,-0.34338697,0.977775885,1.444502966,1.029986189,0.251600017,7.3
332,Germany,1997,293.69,-0.34338697,0.977775885,1.444502966,1.029986189,0.252498312,7.3
333,Germany,1998,294.36,-0.319317044,0.977775885,1.444502966,1.095093136,0.252591362,7
334,Germany,1999,296.93,-0.319317044,NA,1.444502966,1.095093136,0.252988667,7
335,Germany,2000,295.5,-0.319317044,NA,1.444502966,1.160200084,0.25382199,7
336,Germany,2001,295.01,-0.319317044,NA,1.444502966,1.225307031,0.254858669,7
337,Germany,2002,280.48,-0.174897486,NA,1.444502966,1.225307031,0.255896494,9.1
338,Germany,2003,291.41,-0.174897486,NA,1.444502966,1.225307031,0.256238623,9.1
339,Germany,2004,286.95,-0.174897486,NA,1.444502966,1.290413978,0.256104441,9.1
340,Germany,2005,286.4,0.003219968,0.125362664,1.444502966,1.290413978,0.255753646,8.3
341,Germany,2006,284.65,0.003219968,0.125362664,1.444502966,1.355520926,0.255057336,8.3
342,Germany,2007,284.42,0.003219968,0.125362664,1.444502966,1.355520926,0.254232896,8.3
343,Germany,2008,284.06,0.003219968,0.125362664,1.444502966,1.355520926,0.253062468,8.3
344,Germany,2009,266.09,0.542386316,0.125362664,1.444502966,1.355520926,0.251506218,10.9
345,Germany,2010,279.64,0.542386316,0.977775885,1.444502966,1.420627873,0.250567202,10.9
346,Germany,2011,268.47,0.542386316,0.977775885,1.444502966,1.420627873,0.239318316,10.9
347,Germany,2012,250.74,0.542386316,0.977775885,1.444502966,1.420627873,0.240448037,10.9
348,Germany,2013,253.41,-0.179711471,0.977775885,NA,1.420627873,0.242094103,10
349,Germany,2014,247.33,-0.179711471,0.977775885,NA,1.485734821,0.24461729,10
350,Germany,2015,243.91,-0.179711471,NA,NA,1.485734821,0.249890755,10
351,Germany,2016,248.77,-0.179711471,NA,NA,1.485734821,0.254849262,10
352,Greece,1990,26.3,-0.877739332,NA,1.444502966,0.313809767,-0.285534833,0
353,Greece,1991,26.01,-0.877739332,NA,1.444502966,0.378916714,-0.284612609,0
354,Greece,1992,28.53,-0.877739332,NA,1.444502966,0.378916714,-0.284019932,0
355,Greece,1993,27.1,-0.877739332,NA,1.444502966,0.378916714,-0.283560419,0
356,Greece,1994,27.06,-0.877739332,NA,1.444502966,0.378916714,-0.283167166,0
357,Greece,1995,27.39,-0.877739332,NA,1.444502966,0.444023662,-0.282798449,0
358,Greece,1996,26.92,-0.670737967,NA,1.444502966,0.444023662,-0.282449084,0
359,Greece,1997,27.28,-0.670737967,NA,1.444502966,0.509130609,-0.282056191,0
360,Greece,1998,29.25,-0.670737967,NA,1.444502966,0.574237557,-0.281612436,0
361,Greece,1999,28.18,-0.670737967,NA,1.444502966,0.574237557,-0.281303949,0
362,Greece,2000,28.44,-0.872925347,NA,1.444502966,0.639344504,-0.280973586,0
363,Greece,2001,28.98,-0.872925347,NA,1.444502966,0.704451452,-0.280551745,0
364,Greece,2002,29.84,-0.872925347,NA,1.444502966,0.769558399,-0.280252987,0
365,Greece,2003,26.51,-0.872925347,NA,1.444502966,0.769558399,-0.2800579,0
366,Greece,2004,25.58,-0.863297377,NA,1.444502966,0.834665346,-0.279855151,0
367,Greece,2005,25.5,-0.863297377,NA,1.444502966,0.964879241,-0.27961419,0
368,Greece,2006,26.18,-0.863297377,NA,1.444502966,0.964879241,-0.279366676,0
369,Greece,2007,26.49,-0.689993908,NA,1.444502966,0.964879241,-0.279156137,0
370,Greece,2008,26.55,-0.689993908,NA,1.444502966,0.964879241,-0.278936185,0
371,Greece,2009,29.01,-0.622598114,NA,1.444502966,1.029986189,-0.27871767,0
372,Greece,2010,25.15,-0.622598114,NA,1.444502966,1.029986189,-0.27861039,0
373,Greece,2011,22.54,-0.622598114,NA,1.444502966,1.029986189,-0.278733533,0
374,Greece,2012,20.52,0.316129009,NA,1.444502966,1.029986189,-0.279182066,0
375,Greece,2013,17.45,0.316129009,NA,NA,1.029986189,-0.279779731,0
376,Greece,2014,16.5,0.316129009,NA,NA,1.095093136,-0.280324954,0
377,Greece,2015,15.44,-0.006408002,NA,NA,1.095093136,-0.280860681,0
378,Greece,2016,15.78,-0.006408002,NA,NA,1.095093136,-0.281197051,0
379,Hungary,1990,25.02,1.293368014,NA,-0.702350531,0.053381977,-0.284207717,0
380,Hungary,1991,22.83,1.293368014,NA,-0.702350531,-0.01172497,-0.284212121,0
381,Hungary,1992,25.94,1.293368014,NA,-0.702350531,-0.01172497,-0.284242521,0
382,Hungary,1993,23.79,1.293368014,NA,-0.702350531,0.053381977,-0.284331032,0
383,Hungary,1994,21.73,0.73013174,-1.114511111,-0.702350531,0.118488925,-0.284437144,0
384,Hungary,1995,20.79,0.73013174,-1.114511111,-0.702350531,0.183595872,-0.284544919,0
385,Hungary,1996,19.21,0.73013174,-1.114511111,-0.702350531,0.183595872,-0.284677686,0
386,Hungary,1997,19.06,0.73013174,-1.114511111,-0.702350531,0.24870282,-0.284833108,0
387,Hungary,1998,19.39,1.062296723,-1.114511111,-0.702350531,0.313809767,-0.285012228,0
388,Hungary,1999,19.63,1.062296723,NA,-0.702350531,0.313809767,-0.285229724,0
389,Hungary,2000,19.96,1.062296723,NA,-0.702350531,0.378916714,-0.285428639,0
390,Hungary,2001,20.94,1.062296723,NA,-0.702350531,0.444023662,-0.285603857,0
391,Hungary,2002,20.5,-0.72850579,NA,-0.702350531,0.509130609,-0.285820814,0
392,Hungary,2003,22.22,-0.72850579,NA,-0.702350531,0.574237557,-0.286038429,0
393,Hungary,2004,21.72,-0.72850579,NA,-0.702350531,0.574237557,-0.28620624,0
394,Hungary,2005,21.34,-0.72850579,0.047870553,-0.702350531,0.639344504,-0.286356637,0
395,Hungary,2006,21.49,-0.795901583,0.047870553,-0.702350531,0.639344504,-0.286474186,0
396,Hungary,2007,22.43,-0.795901583,0.047870553,-0.702350531,0.704451452,-0.286590948,0
397,Hungary,2008,22.77,-0.795901583,0.047870553,-0.702350531,0.704451452,-0.286722703,0
398,Hungary,2009,18.89,-0.795901583,0.047870553,-0.702350531,0.704451452,-0.286839076,0
399,Hungary,2010,19.69,-0.786273613,NA,-0.702350531,0.769558399,-0.287008542,4.2
400,Hungary,2011,18.9,-0.786273613,NA,-0.702350531,0.769558399,-0.287220466,4.2
401,Hungary,2012,16.86,-0.786273613,NA,-0.702350531,0.769558399,-0.287605166,4.2
402,Hungary,2013,16.54,-0.786273613,NA,NA,0.834665346,-0.28780948,4.2
403,Hungary,2014,15.79,-0.588900217,NA,NA,0.834665346,-0.288008807,2.5
404,Hungary,2015,16.18,-0.588900217,NA,NA,0.834665346,-0.288184361,2.5
405,Hungary,2016,16.54,-0.588900217,NA,NA,0.834665346,-0.288401595,2.5
406,Ireland,1990,10.8,-0.526318409,NA,-0.702350531,0.183595872,-0.33558604,0
407,Ireland,1991,11.29,-0.526318409,NA,-0.702350531,0.183595872,-0.335434295,0
408,Ireland,1992,11.79,-0.271177191,NA,-0.702350531,0.24870282,-0.335253086,0
409,Ireland,1993,11.1,-0.271177191,NA,-0.702350531,0.313809767,-0.33511954,0
410,Ireland,1994,11.26,-0.271177191,NA,-0.702350531,0.378916714,-0.33501375,0
411,Ireland,1995,11.52,-0.271177191,NA,-0.702350531,0.444023662,-0.334875531,0
412,Ireland,1996,13.64,-0.271177191,NA,-0.702350531,0.509130609,-0.334660813,0
413,Ireland,1997,13.4,-0.24229328,NA,-0.702350531,0.509130609,-0.334386239,1.2
414,Ireland,1998,13.38,-0.24229328,NA,-0.702350531,0.769558399,-0.334097705,1.2
415,Ireland,1999,15.08,-0.24229328,NA,-0.702350531,0.834665346,-0.33378247,1.2
416,Ireland,2000,14.84,-0.24229328,NA,-0.702350531,0.899772294,-0.333405087,1.2
417,Ireland,2001,15.45,-0.24229328,NA,-0.702350531,0.964879241,-0.332947709,1.2
418,Ireland,2002,15.82,-0.155641545,NA,-0.702350531,0.964879241,-0.332455617,3.6
419,Ireland,2003,19.69,-0.155641545,NA,-0.702350531,1.029986189,-0.331971987,3.6
420,Ireland,2004,18.19,-0.155641545,NA,-0.702350531,1.095093136,-0.331419701,3.6
421,Ireland,2005,19.82,-0.155641545,NA,-0.702350531,1.160200084,-0.330748249,3.6
422,Ireland,2006,19.69,-0.155641545,NA,-0.702350531,1.160200084,-0.329896861,3.6
423,Ireland,2007,19.83,-0.328945014,NA,-0.702350531,1.225307031,-0.328958041,3.6
424,Ireland,2008,17.8,-0.328945014,NA,-0.702350531,1.225307031,-0.328279474,3.6
425,Ireland,2009,14.41,-0.328945014,NA,-0.702350531,1.160200084,-0.327936221,3.6
426,Ireland,2010,13.66,-0.328945014,NA,-0.702350531,1.225307031,-0.32775063,3.6
427,Ireland,2011,13.06,-0.011221988,NA,-0.702350531,1.225307031,-0.327601371,0
428,Ireland,2012,12.76,-0.011221988,NA,-0.702350531,1.225307031,-0.327455707,0
429,Ireland,2013,12.7,-0.011221988,NA,NA,1.290413978,-0.327273839,0
430,Ireland,2014,12.88,-0.011221988,NA,NA,1.290413978,-0.327019764,0
431,Ireland,2015,12.67,-0.011221988,NA,NA,1.420627873,-0.326688599,0
432,Ireland,2016,13.38,0.373896832,NA,NA,1.420627873,-0.326288822,1.3
433,Italy,1990,154.73,0.075429747,NA,1.444502966,0.444023662,0.062896726,2.1
434,Italy,1991,153.26,0.075429747,NA,1.444502966,0.444023662,0.063190922,2.1
435,Italy,1992,167.09,1.01415687,NA,1.444502966,0.509130609,0.063479764,2.5
436,Italy,1993,152.73,1.01415687,NA,1.444502966,0.574237557,0.063739905,2.5
437,Italy,1994,147.99,1.50036938,NA,1.444502966,0.574237557,0.063826626,1.7
438,Italy,1995,153.55,1.50036938,NA,1.444502966,0.639344504,0.063833389,1.7
439,Italy,1996,144.43,1.250042147,NA,1.444502966,0.704451452,0.063953057,2.5
440,Italy,1997,145.77,1.250042147,NA,1.444502966,0.704451452,0.064178425,2.5
441,Italy,1998,148.63,1.250042147,NA,1.444502966,0.769558399,0.064301044,2.5
442,Italy,1999,152.52,1.250042147,NA,1.444502966,0.769558399,0.064372741,2.5
443,Italy,2000,155.42,1.250042147,NA,1.444502966,0.834665346,0.064565904,2.5
444,Italy,2001,152.75,0.898621224,NA,1.444502966,0.899772294,0.064805509,0
445,Italy,2002,156.63,0.898621224,NA,1.444502966,0.899772294,0.065441423,0
446,Italy,2003,160.93,0.898621224,NA,1.444502966,0.964879241,0.067345233,0
447,Italy,2004,165.71,0.898621224,NA,1.444502966,1.029986189,0.070132269,0
448,Italy,2005,168.23,0.898621224,0.900283774,1.444502966,1.029986189,0.072260473,0
449,Italy,2006,174.52,0.595340154,0.900283774,1.444502966,1.029986189,0.07356736,2.4
450,Italy,2007,171.36,0.595340154,0.900283774,1.444502966,1.095093136,0.075771763,2.4
451,Italy,2008,168.12,-0.304875088,0.900283774,1.444502966,1.095093136,0.078680856,0
452,Italy,2009,154.1,-0.304875088,0.900283774,1.444502966,1.095093136,0.0806928,0
453,Italy,2010,164.55,-0.304875088,NA,1.444502966,1.095093136,0.082056285,0
454,Italy,2011,158.67,-0.304875088,NA,1.444502966,1.095093136,0.082820457,0
455,Italy,2012,144.26,-0.304875088,NA,1.444502966,1.095093136,0.08402079,0
456,Italy,2013,134.08,0.43647864,NA,NA,1.095093136,0.089220258,0
457,Italy,2014,129.5,0.43647864,NA,NA,1.095093136,0.093378389,0
458,Italy,2015,124.34,0.43647864,NA,NA,1.095093136,0.092939817,0
459,Italy,2016,120.62,0.43647864,NA,NA,1.160200084,0.092167765,0
460,Japan,1990,359.62,-0.560016306,NA,1.444502966,0.899772294,0.562888876,0
461,Japan,1991,364.74,-0.560016306,NA,1.444502966,0.899772294,0.56652879,0
462,Japan,1992,388.55,-0.560016306,NA,1.444502966,0.899772294,0.569981467,0
463,Japan,1993,380.79,0.24391923,NA,1.444502966,0.964879241,0.573007239,0
464,Japan,1994,400.7,0.24391923,0.280346886,1.444502966,0.964879241,0.575621087,0
465,Japan,1995,409.37,0.24391923,0.280346886,1.444502966,0.964879241,0.577823011,0
466,Japan,1996,407.53,-0.271177191,0.280346886,1.444502966,1.029986189,0.579957529,0
467,Japan,1997,400.78,-0.271177191,0.280346886,1.444502966,1.029986189,0.58220439,0
468,Japan,1998,374.5,-0.271177191,0.280346886,1.444502966,1.029986189,0.584773301,0
469,Japan,1999,398.99,-0.271177191,-0.262097891,1.444502966,1.029986189,0.586503383,0
470,Japan,2000,422.17,-0.333758999,-0.262097891,1.444502966,1.095093136,0.588091165,0
471,Japan,2001,412.33,-0.333758999,-0.262097891,1.444502966,1.095093136,0.590382963,0
472,Japan,2002,409.76,-0.333758999,-0.262097891,1.444502966,1.095093136,0.592599866,0
473,Japan,2003,416.47,-0.574458262,-0.262097891,1.444502966,1.095093136,0.594644509,0
474,Japan,2004,418.95,-0.574458262,-0.262097891,1.444502966,1.160200084,0.594966559,0
475,Japan,2005,421.36,-0.593714203,-0.262097891,1.444502966,1.160200084,0.595056434,0
476,Japan,2006,414.54,-0.593714203,-0.262097891,1.444502966,1.160200084,0.595663086,0
477,Japan,2007,416.99,-0.593714203,-0.262097891,1.444502966,1.160200084,0.596764048,0
478,Japan,2008,410.79,-0.593714203,-0.262097891,1.444502966,1.160200084,0.597228399,0
479,Japan,2009,381.45,-0.627412099,-0.262097891,1.444502966,1.225307031,0.597108567,0
480,Japan,2010,395.68,-0.627412099,-1.501971666,1.444502966,1.225307031,0.597280826,0
481,Japan,2011,417.49,-0.627412099,-1.501971666,1.444502966,1.225307031,0.595505806,0
482,Japan,2012,433.32,0.643480006,-1.501971666,1.444502966,1.225307031,0.593977941,1.9
483,Japan,2013,418.91,0.643480006,-1.501971666,NA,1.290413978,0.592599866,1.9
484,Japan,2014,394.98,0.24391923,-1.501971666,NA,1.290413978,0.591334134,0
485,Japan,2015,371.58,0.24391923,NA,NA,1.355520926,0.590323047,0
486,Japan,2016,364.03,0.24391923,NA,NA,1.355520926,0.589836227,0
487,Latvia,1990,5.9,NA,NA,NA,NA,-0.34195831,NA
488,Latvia,1991,5.43,NA,NA,NA,NA,-0.342052454,NA
489,Latvia,1992,5.03,NA,NA,NA,-0.01172497,-0.342323897,NA
490,Latvia,1993,4,0.845667386,NA,NA,-0.141938865,-0.342706223,0
491,Latvia,1994,3.76,0.845667386,0.202854775,NA,-0.141938865,-0.343024887,0
492,Latvia,1995,3.47,2.482422371,0.202854775,-0.702350531,-0.076831917,-0.343292159,0
493,Latvia,1996,3.9,2.482422371,0.202854775,-0.702350531,-0.01172497,-0.343500623,0
494,Latvia,1997,3.74,2.482422371,0.202854775,-0.702350531,0.053381977,-0.34368315,0
495,Latvia,1998,3.67,1.19708831,0.202854775,-0.702350531,0.118488925,-0.343854151,0
496,Latvia,1999,3.36,1.19708831,NA,-0.702350531,0.24870282,-0.344000474,0
497,Latvia,2000,4.01,1.19708831,NA,-0.702350531,0.313809767,-0.344172224,0
498,Latvia,2001,3.75,1.19708831,NA,-0.702350531,0.378916714,-0.344399757,0
499,Latvia,2002,3.71,1.120064546,NA,-0.702350531,0.444023662,-0.344601952,0
500,Latvia,2003,3.98,1.120064546,NA,-0.702350531,0.509130609,-0.344768354,0
501,Latvia,2004,3.8,1.120064546,NA,-0.702350531,0.574237557,-0.344954342,0
502,Latvia,2005,3.66,1.120064546,NA,NA,0.639344504,-0.34513651,0
503,Latvia,2006,4.15,1.461857498,NA,NA,0.704451452,-0.345289611,0
504,Latvia,2007,4.84,1.461857498,NA,NA,0.704451452,-0.345424662,0
505,Latvia,2008,4.43,1.461857498,NA,NA,0.769558399,-0.345596944,0
506,Latvia,2009,3.28,1.461857498,NA,NA,0.769558399,-0.345863968,0
507,Latvia,2010,3.64,0.065801776,NA,NA,0.704451452,-0.346194362,0
508,Latvia,2011,3.68,0.272803142,NA,NA,0.769558399,-0.346477811,0
509,Latvia,2012,3.64,0.272803142,NA,NA,0.769558399,-0.34666797,0
510,Latvia,2013,3.48,0.272803142,NA,NA,0.834665346,-0.346830283,0
511,Latvia,2014,3.25,0.561642257,NA,NA,0.899772294,-0.346971573,0
512,Latvia,2015,3.28,0.561642257,NA,NA,0.899772294,-0.347093316,0
513,Latvia,2016,3.29,0.561642257,NA,NA,0.964879241,-0.347228053,0
514,Lithuania,1990,11.84,NA,NA,NA,NA,-0.334208984,NA
515,Lithuania,1991,12.57,NA,NA,NA,NA,-0.33416183,NA
516,Lithuania,1992,14.4,0.060987791,NA,NA,-0.01172497,-0.334191938,0
517,Lithuania,1993,8.9,0.060987791,NA,-0.702350531,-0.076831917,-0.334323013,0
518,Lithuania,1994,7.88,0.060987791,-0.572066334,-0.702350531,-0.141938865,-0.334513764,0
519,Lithuania,1995,7.68,0.060987791,-0.572066334,-0.702350531,-0.076831917,-0.334723785,0
520,Lithuania,1996,6.25,1.553323218,-0.572066334,-0.702350531,0.053381977,-0.334929665,0
521,Lithuania,1997,5.94,1.553323218,-0.572066334,-0.702350531,0.118488925,-0.335127958,0
522,Lithuania,1998,6.07,1.553323218,-0.572066334,-0.702350531,0.183595872,-0.335321233,0
523,Lithuania,1999,5.43,1.553323218,NA,-0.702350531,0.24870282,-0.335509168,0
524,Lithuania,2000,5.52,1.538881262,NA,-0.702350531,0.378916714,-0.335694174,0
525,Lithuania,2001,5.5,1.538881262,NA,-0.702350531,0.444023662,-0.335909259,0
526,Lithuania,2002,5.29,1.538881262,NA,-0.702350531,0.509130609,-0.336117101,0
527,Lithuania,2003,6.18,1.538881262,NA,-0.702350531,0.574237557,-0.336325715,0
528,Lithuania,2004,5.89,0.638666021,NA,-0.702350531,0.639344504,-0.33661135,0
529,Lithuania,2005,5.89,0.638666021,NA,-0.702350531,0.704451452,-0.337019882,0
530,Lithuania,2006,6.35,0.638666021,NA,-0.702350531,0.704451452,-0.337413974,0
531,Lithuania,2007,6.7,0.638666021,NA,-0.702350531,0.769558399,-0.337703183,0
532,Lithuania,2008,6.19,2.140629418,NA,-0.702350531,0.834665346,-0.337950809,0
533,Lithuania,2009,5.83,2.140629418,NA,-0.702350531,0.834665346,-0.338215302,0
534,Lithuania,2010,5.66,2.140629418,NA,-0.702350531,0.834665346,-0.33870687,0
535,Lithuania,2011,6.49,2.140629418,NA,-0.702350531,0.899772294,-0.339224899,0
536,Lithuania,2012,5.84,1.327065911,NA,-0.702350531,0.899772294,-0.339527042,0
537,Lithuania,2013,5.78,1.327065911,NA,NA,0.899772294,-0.339752357,0
538,Lithuania,2014,5.86,1.327065911,NA,NA,0.964879241,-0.339942007,0
539,Lithuania,2015,5.63,1.327065911,NA,NA,0.964879241,-0.340147647,0
540,Lithuania,2016,5.9,1.380019749,NA,NA,1.029986189,-0.340422356,0.7
541,Netherlands,1990,54.93,-0.266363206,NA,-0.702350531,0.899772294,-0.2499242,4
542,Netherlands,1991,57.13,-0.266363206,NA,-0.702350531,0.899772294,-0.249038278,4
543,Netherlands,1992,64.96,-0.266363206,NA,-0.702350531,0.899772294,-0.248181715,4
544,Netherlands,1993,59.83,-0.266363206,NA,-0.702350531,0.964879241,-0.247386311,4
545,Netherlands,1994,58.7,0.600154139,NA,-0.702350531,1.095093136,-0.246693754,3.3
546,Netherlands,1995,59.61,0.600154139,NA,-0.702350531,1.095093136,-0.246123291,3.3
547,Netherlands,1996,58.95,0.600154139,NA,-0.702350531,1.095093136,-0.245587849,3.3
548,Netherlands,1997,57.38,0.600154139,NA,-0.702350531,1.095093136,-0.244987548,3.3
549,Netherlands,1998,58.76,0.32575698,NA,-0.702350531,1.160200084,-0.244264365,7.3
550,Netherlands,1999,39.78,0.32575698,NA,-0.702350531,1.160200084,-0.24347887,7.3
551,Netherlands,2000,35.34,0.32575698,NA,-0.702350531,1.160200084,-0.24262937,7.3
552,Netherlands,2001,34.63,0.32575698,NA,-0.702350531,1.160200084,-0.24172563,7.3
553,Netherlands,2002,35.92,0.763829637,NA,-0.702350531,1.160200084,-0.240956088,6.7
554,Netherlands,2003,49.81,0.258361186,NA,-0.702350531,1.160200084,-0.240384089,5.3
555,Netherlands,2004,51.97,0.258361186,NA,-0.702350531,1.225307031,-0.239961103,5.3
556,Netherlands,2005,59.87,0.258361186,0.047870553,-0.702350531,1.225307031,-0.239675834,5.3
557,Netherlands,2006,63.9,0.648293991,0.047870553,1.444502966,1.290413978,-0.239479361,4.7
558,Netherlands,2007,54.36,0.648293991,0.047870553,1.444502966,1.290413978,-0.239212771,4.7
559,Netherlands,2008,60.89,0.648293991,0.047870553,1.444502966,1.290413978,-0.238734212,4.7
560,Netherlands,2009,53.27,0.648293991,0.047870553,1.444502966,1.290413978,-0.238099137,4.7
561,Netherlands,2010,60.92,1.211530265,-0.649558445,1.444502966,1.355520926,-0.237462481,6.7
562,Netherlands,2011,57.72,1.211530265,-0.649558445,1.444502966,1.420627873,-0.236880694,6.7
563,Netherlands,2012,51.82,0.715689785,-0.649558445,1.444502966,1.420627873,-0.236417181,2.7
564,Netherlands,2013,51.82,0.715689785,-0.649558445,NA,1.420627873,-0.236046674,2.7
565,Netherlands,2014,46.9,0.715689785,-0.649558445,NA,1.420627873,-0.235592988,2.7
566,Netherlands,2015,46.49,0.715689785,NA,NA,1.420627873,-0.235031909,2.7
567,Netherlands,2016,46.59,0.715689785,NA,NA,1.420627873,-0.234354923,2.7
568,New Zealand,1991,7.37,-0.805529554,NA,-0.702350531,0.639344504,-0.335727398,0
569,New Zealand,1992,7.73,-0.805529554,NA,-0.702350531,0.704451452,-0.335453281,0
570,New Zealand,1993,7.74,-0.449294645,NA,-0.702350531,0.769558399,-0.335149955,0
571,New Zealand,1994,7.94,-0.449294645,-0.959526889,-0.702350531,0.899772294,-0.334791955,0
572,New Zealand,1995,8.28,-0.449294645,-0.959526889,-0.702350531,0.899772294,-0.334392014,0
573,New Zealand,1996,8.75,-0.030477929,-0.959526889,-0.702350531,0.964879241,-0.333953127,0
574,New Zealand,1997,9.23,-0.030477929,-0.959526889,-0.702350531,1.029986189,-0.333583893,0
575,New Zealand,1998,8.59,-0.030477929,-0.959526889,-0.702350531,1.029986189,-0.333331495,0
576,New Zealand,1999,9.29,-0.285619147,NA,-0.702350531,1.095093136,-0.333180956,5.8
577,New Zealand,2000,8.75,-0.285619147,NA,-0.702350531,1.160200084,-0.333011692,5.8
578,New Zealand,2001,9.16,-0.285619147,NA,-0.702350531,1.160200084,-0.332840931,5.8
579,New Zealand,2002,9.37,-0.136385604,NA,-0.702350531,1.225307031,-0.332331642,7.5
580,New Zealand,2003,10.28,-0.136385604,NA,-0.702350531,1.225307031,-0.331742216,7.5
581,New Zealand,2004,10.64,-0.136385604,NA,-0.702350531,1.290413978,-0.331290597,7.5
582,New Zealand,2005,11.4,-0.680365937,-0.804542667,-0.702350531,1.290413978,-0.330943082,5
583,New Zealand,2006,10.89,-0.680365937,-0.804542667,-0.702350531,1.290413978,-0.330563363,5
584,New Zealand,2007,10.99,-0.680365937,-0.804542667,-0.702350531,1.355520926,-0.330269773,5
585,New Zealand,2008,11.09,-0.665923981,-0.804542667,-0.702350531,1.355520926,-0.33000015,7.4
586,New Zealand,2009,9.74,-0.665923981,-0.804542667,-0.702350531,1.355520926,-0.329679597,7.4
587,New Zealand,2010,9.94,-0.665923981,-0.107113669,-0.702350531,1.355520926,-0.329319351,7.4
588,New Zealand,2011,10.05,-0.699621878,-0.107113669,-0.702350531,1.355520926,-0.329069949,11.6
589,New Zealand,2012,10.62,-0.699621878,-0.107113669,-0.702350531,1.355520926,-0.328889451,11.6
590,New Zealand,2013,10.75,-0.699621878,-0.107113669,NA,1.420627873,-0.328634807,11.6
591,New Zealand,2014,10.68,-0.584086232,-0.107113669,NA,1.420627873,-0.328077586,11.6
592,New Zealand,2015,10.56,-0.584086232,NA,NA,1.420627873,-0.327381808,11.6
593,New Zealand,2016,10.4,-0.584086232,NA,NA,1.420627873,-0.326597653,11.6
594,Poland,1990,87.98,NA,NA,-0.702350531,0.053381977,-0.076471994,NA
595,Poland,1991,91.98,4.528366101,NA,-0.702350531,-0.01172497,-0.075457829,0
596,Poland,1992,94.84,4.528366101,NA,-0.702350531,0.053381977,-0.074578003,0
597,Poland,1993,92.02,2.57388809,NA,1.444502966,0.118488925,-0.073845968,0
598,Poland,1994,88.44,2.57388809,1.210252217,1.444502966,0.183595872,-0.073237488,0
599,Poland,1995,87.69,2.57388809,1.210252217,1.444502966,0.24870282,-0.072845441,0
600,Poland,1996,89.86,2.57388809,1.210252217,1.444502966,0.313809767,-0.072625458,0
601,Poland,1997,87.96,0.065801776,1.210252217,1.444502966,0.378916714,-0.072436048,0
602,Poland,1998,80.99,0.065801776,1.210252217,1.444502966,0.444023662,-0.072332535,0
603,Poland,1999,84.41,0.065801776,NA,1.444502966,0.444023662,-0.072356577,0
604,Poland,2000,81.93,0.065801776,NA,1.444502966,0.509130609,-0.075364689,0
605,Poland,2001,80.68,0.022475909,NA,1.444502966,0.574237557,-0.075443726,0
606,Poland,2002,77.81,0.022475909,NA,1.444502966,0.639344504,-0.075576381,0
607,Poland,2003,77.81,0.022475909,NA,1.444502966,0.639344504,-0.075769566,0
608,Poland,2004,79.48,0.022475909,NA,1.444502966,0.639344504,-0.075936942,0
609,Poland,2005,79.11,0.677177903,-0.107113669,1.444502966,0.704451452,-0.076062594,0
610,Poland,2006,86.71,0.677177903,-0.107113669,-0.702350531,0.704451452,-0.076243676,0
611,Poland,2007,88.87,-0.54557435,-0.107113669,-0.702350531,0.704451452,-0.076398762,0
612,Poland,2008,90.02,-0.54557435,-0.107113669,-0.702350531,0.769558399,-0.076359824,0
613,Poland,2009,84.86,-0.54557435,-0.107113669,-0.702350531,0.769558399,-0.076166264,0
614,Poland,2010,90.2,-0.54557435,-0.18460578,-0.702350531,0.834665346,-0.076981193,0
615,Poland,2011,89.08,-0.35301494,-0.18460578,-0.702350531,0.899772294,-0.076827949,0
616,Poland,2012,88.8,-0.35301494,-0.18460578,-0.702350531,0.899772294,-0.076828631,0
617,Poland,2013,85.03,-0.35301494,-0.18460578,NA,0.964879241,-0.077000651,0
618,Poland,2014,82.14,-0.35301494,-0.18460578,NA,1.029986189,-0.07721381,0
619,Poland,2015,84.59,-0.04973387,NA,NA,1.029986189,-0.077403468,0
620,Poland,2016,83.81,-0.04973387,NA,NA,1.029986189,-0.077525735,0
621,Portugal,1990,14.16,-0.709249849,NA,-0.702350531,-0.076831917,-0.287134403,0
622,Portugal,1991,14.79,-0.767017672,NA,-0.702350531,-0.01172497,-0.287306535,0
623,Portugal,1992,16.39,-0.767017672,NA,-0.702350531,0.118488925,-0.287364512,0
624,Portugal,1993,15.96,-0.767017672,NA,-0.702350531,0.183595872,-0.287273282,0
625,Portugal,1994,16.16,-0.767017672,NA,-0.702350531,0.24870282,-0.287072188,0
626,Portugal,1995,17.28,-0.656296011,NA,-0.702350531,0.313809767,-0.286812668,0
627,Portugal,1996,16.5,-0.656296011,NA,-0.702350531,0.378916714,-0.286529795,0
628,Portugal,1997,19.22,-0.656296011,NA,-0.702350531,0.444023662,-0.286192527,0
629,Portugal,1998,22.07,-0.656296011,NA,-0.702350531,0.509130609,-0.28580892,0
630,Portugal,1999,26.65,-0.608156158,NA,-0.702350531,0.509130609,-0.285377283,0
631,Portugal,2000,30.16,-0.608156158,NA,-0.702350531,0.509130609,-0.284837512,0
632,Portugal,2001,30.96,-0.608156158,NA,-0.702350531,0.574237557,-0.284292094,0
633,Portugal,2002,31.19,-0.685179922,NA,-0.702350531,0.574237557,-0.283865872,0
634,Portugal,2003,30.66,-0.685179922,NA,-0.702350531,0.574237557,-0.283572357,0
635,Portugal,2004,30.3,-0.685179922,NA,-0.702350531,0.639344504,-0.283384819,0
636,Portugal,2005,35.14,-0.63704007,NA,-0.702350531,0.639344504,-0.283239006,0
637,Portugal,2006,31.33,-0.63704007,NA,-0.702350531,0.639344504,-0.283097019,0
638,Portugal,2007,31.58,-0.63704007,NA,-0.702350531,0.704451452,-0.282942165,0
639,Portugal,2008,31.5,-0.63704007,NA,-0.702350531,0.704451452,-0.282828227,0
640,Portugal,2009,26.11,-0.300061103,NA,-0.702350531,0.704451452,-0.282752807,0
641,Portugal,2010,26.23,-0.300061103,NA,-0.702350531,0.769558399,-0.282716461,0
642,Portugal,2011,17.22,-0.237479294,NA,-0.702350531,0.769558399,-0.282832848,0
643,Portugal,2012,14.21,-0.237479294,NA,-0.702350531,0.834665346,-0.283152771,0
644,Portugal,2013,13.62,-0.237479294,NA,NA,0.899772294,-0.283583786,0
645,Portugal,2014,13.42,-0.237479294,NA,NA,0.899772294,-0.284004946,0
646,Portugal,2015,14.23,-0.497434498,NA,NA,0.899772294,-0.284326891,0
647,Portugal,2016,14.95,-0.497434498,NA,NA,0.899772294,-0.284571229,0
648,Romania,1990,43.92,-1.079926713,NA,-0.702350531,-0.076831917,-0.188133093,3
649,Romania,1991,35.44,-1.079926713,NA,-0.702350531,-0.141938865,-0.189636093,3
650,Romania,1992,32.78,1.20671628,NA,-0.702350531,-0.207045812,-0.191185461,0
651,Romania,1993,30.5,1.20671628,NA,-0.702350531,-0.207045812,-0.191417666,0
652,Romania,1994,28.42,1.20671628,-1.269495333,-0.702350531,-0.207045812,-0.191665338,0
653,Romania,1995,28.78,1.20671628,-1.269495333,-0.702350531,-0.141938865,-0.192009414,0
654,Romania,1996,27.66,0.773457608,-1.269495333,-0.702350531,-0.141938865,-0.192498227,0
655,Romania,1997,24.61,0.773457608,-1.269495333,-0.702350531,-0.076831917,-0.192985241,0
656,Romania,1998,23.97,0.773457608,-1.269495333,-0.702350531,-0.076831917,-0.193334508,0
657,Romania,1999,21.55,0.773457608,NA,-0.702350531,-0.01172497,-0.193598919,0
658,Romania,2000,24.43,0.373896832,NA,-0.702350531,-0.01172497,-0.193816632,0
659,Romania,2001,26.09,0.373896832,NA,-0.702350531,0.053381977,-0.196145885,0
660,Romania,2002,25.97,0.373896832,NA,-0.702350531,0.118488925,-0.199152739,0
661,Romania,2003,26.41,0.373896832,NA,-0.702350531,0.118488925,-0.20032238,0
662,Romania,2004,26.69,-0.266363206,NA,-0.702350531,0.183595872,-0.201240433,0
663,Romania,2005,27.18,-0.266363206,-1.192003222,-0.702350531,0.313809767,-0.202229523,0
664,Romania,2006,28.59,-0.266363206,-1.192003222,-0.702350531,0.378916714,-0.203172643,0
665,Romania,2007,30.7,-0.266363206,-1.192003222,-0.702350531,0.509130609,-0.205500226,0
666,Romania,2008,31.46,-0.25192125,-1.192003222,-0.702350531,0.639344504,-0.208084918,0
667,Romania,2009,25.04,-0.25192125,-1.192003222,-0.702350531,0.639344504,-0.209361045,0
668,Romania,2010,25.29,-0.25192125,-0.804542667,-0.702350531,0.639344504,-0.210264403,0
669,Romania,2011,25.81,-0.25192125,-0.804542667,-0.702350531,0.639344504,-0.211008436,0
670,Romania,2012,24.94,-0.93069317,-0.804542667,-0.702350531,0.639344504,-0.211678697,0
671,Romania,2013,21.72,-0.93069317,-0.804542667,NA,0.639344504,-0.212235484,0
672,Romania,2014,22.31,-0.93069317,-0.804542667,NA,0.639344504,-0.212795057,0
673,Romania,2015,21.77,-0.93069317,NA,NA,0.639344504,-0.213494302,0
674,Romania,2016,22.31,-0.35301494,NA,NA,0.704451452,-0.214343234,0
675,Slovenia,1990,4.49,NA,NA,NA,NA,-0.346938777,NA
676,Slovenia,1991,4.26,NA,NA,NA,NA,-0.34692928,0
677,Slovenia,1992,5.39,1.871046244,NA,-0.702350531,NA,-0.346951232,5.6
678,Slovenia,1993,5,1.871046244,NA,-0.702350531,NA,-0.346986822,5.6
679,Slovenia,1994,4.75,1.871046244,0.047870553,-0.702350531,NA,-0.347004071,5.6
680,Slovenia,1995,5.14,1.871046244,0.047870553,-0.702350531,0.313809767,-0.347000858,5.6
681,Slovenia,1996,4.97,0.898621224,0.047870553,-0.702350531,0.378916714,-0.347010175,0
682,Slovenia,1997,5.13,0.898621224,0.047870553,-0.702350531,0.444023662,-0.347030187,0
683,Slovenia,1998,5.19,0.898621224,0.047870553,-0.702350531,0.509130609,-0.347062594,0
684,Slovenia,1999,4.95,0.898621224,NA,-0.702350531,0.639344504,-0.347051989,0
685,Slovenia,2000,5.22,0.316129009,NA,-0.702350531,0.704451452,-0.34700795,0
686,Slovenia,2001,5.5,0.316129009,NA,-0.702350531,0.834665346,-0.34698447,0
687,Slovenia,2002,5.34,0.316129009,NA,-0.702350531,0.899772294,-0.346965971,0
688,Slovenia,2003,5.17,0.316129009,NA,-0.702350531,0.964879241,-0.346956961,0
689,Slovenia,2004,5.23,0.754201667,NA,-0.702350531,1.029986189,-0.346947382,0
690,Slovenia,2005,5.19,0.754201667,-1.192003222,-0.702350531,1.029986189,-0.346921453,0
691,Slovenia,2006,5.72,0.754201667,-1.192003222,-0.702350531,1.095093136,-0.346873565,0
692,Slovenia,2007,6.24,0.754201667,-1.192003222,-0.702350531,1.095093136,-0.346789278,0
693,Slovenia,2008,6.38,0.23429126,-1.192003222,-0.702350531,1.160200084,-0.346765357,0
694,Slovenia,2009,5.28,0.23429126,-1.192003222,-0.702350531,1.160200084,-0.346627901,0
695,Slovenia,2010,5.44,0.23429126,-0.649558445,-0.702350531,1.160200084,-0.346561139,0
696,Slovenia,2011,5.84,0.489432478,-0.649558445,-0.702350531,1.160200084,-0.346529234,0
697,Slovenia,2012,5.17,0.489432478,-0.649558445,-0.702350531,1.160200084,-0.346496909,0
698,Slovenia,2013,4.93,0.489432478,-0.649558445,NA,1.225307031,-0.346475983,0
699,Slovenia,2014,4.81,0.388338788,-0.649558445,NA,1.225307031,-0.346460802,0
700,Slovenia,2015,4.81,0.388338788,NA,NA,1.225307031,-0.346449186,0
701,Slovenia,2016,5.01,0.388338788,NA,NA,1.290413978,-0.346437869,0
702,Spain,1990,72.43,-0.179711471,NA,-0.702350531,0.313809767,-0.070805861,0
703,Spain,1991,74.01,-0.179711471,NA,-0.702350531,0.313809767,-0.070063992,0
704,Spain,1992,80.07,-0.179711471,NA,-0.702350531,0.378916714,-0.068631176,0
705,Spain,1993,74.51,-0.458922616,NA,-0.702350531,0.444023662,-0.067106479,0
706,Spain,1994,75.4,-0.458922616,0.435331108,-0.702350531,0.509130609,-0.0656996,0
707,Spain,1995,78.59,-0.458922616,0.435331108,-0.702350531,0.574237557,-0.064389365,0
708,Spain,1996,74.31,-0.569644276,0.435331108,-0.702350531,0.574237557,-0.063147585,0
709,Spain,1997,75.74,-0.569644276,0.435331108,-0.702350531,0.639344504,-0.061892811,0
710,Spain,1998,79.6,-0.569644276,0.435331108,-0.702350531,0.639344504,-0.060648649,0
711,Spain,1999,85.68,-0.569644276,0.202854775,-0.702350531,0.704451452,-0.059425113,0
712,Spain,2000,90.69,-0.704435863,0.202854775,-0.702350531,0.704451452,-0.05806959,0
713,Spain,2001,91.28,-0.704435863,0.202854775,-0.702350531,0.769558399,-0.055953436,0
714,Spain,2002,97.94,-0.704435863,0.202854775,-0.702350531,0.769558399,-0.051600922,0
715,Spain,2003,97.83,-0.704435863,0.202854775,-0.702350531,0.834665346,-0.045938181,0
716,Spain,2004,105.23,-0.699621878,0.202854775,-0.702350531,0.834665346,-0.040438989,0
717,Spain,2005,112.1,-0.699621878,0.280346886,-0.702350531,0.899772294,-0.034962191,0
718,Spain,2006,113.62,-0.699621878,0.280346886,-0.702350531,0.964879241,-0.029388748,0
719,Spain,2007,117.15,-0.699621878,0.280346886,-0.702350531,0.964879241,-0.023176297,0
720,Spain,2008,107.6,-0.800715568,0.280346886,-0.702350531,0.964879241,-0.017729135,0
721,Spain,2009,94.4,-0.800715568,0.280346886,1.444502966,0.964879241,-0.014667113,0
722,Spain,2010,89.54,-0.800715568,0.202854775,1.444502966,1.029986189,-0.013064719,0
723,Spain,2011,87.67,-0.492620513,0.202854775,1.444502966,1.029986189,-0.011822954,0
724,Spain,2012,80.86,-0.492620513,0.202854775,1.444502966,1.029986189,-0.011595587,0
725,Spain,2013,75.52,-0.492620513,0.202854775,NA,1.095093136,-0.012741561,0
726,Spain,2014,77.15,-0.492620513,0.202854775,NA,1.095093136,-0.013783827,0
727,Spain,2015,77.31,0.657921962,NA,NA,1.160200084,-0.014053825,0
728,Spain,2016,75.15,0.263175171,NA,NA,1.160200084,-0.013760011,0
729,Sweden,1990,23.36,-0.261549221,NA,-0.702350531,0.639344504,-0.297802371,5.7
730,Sweden,1991,23.15,0.060987791,NA,-0.702350531,0.639344504,-0.297363934,0
731,Sweden,1992,25.57,0.060987791,NA,-0.702350531,0.704451452,-0.296984274,0
732,Sweden,1993,23.79,0.060987791,NA,-0.702350531,0.834665346,-0.296606098,0
733,Sweden,1994,23.57,-0.386712837,1.44272855,-0.702350531,0.899772294,-0.296140368,5.2
734,Sweden,1995,23.29,-0.386712837,1.44272855,-0.702350531,0.964879241,-0.295794397,5.2
735,Sweden,1996,24.79,-0.386712837,1.44272855,-0.702350531,1.029986189,-0.295689101,5.2
736,Sweden,1997,23.47,-0.386712837,1.44272855,-0.702350531,1.095093136,-0.295651174,5.2
737,Sweden,1998,23.94,0.04173185,1.44272855,-0.702350531,1.160200084,-0.295614386,4.6
738,Sweden,1999,22.41,0.04173185,NA,-0.702350531,1.225307031,-0.295562708,4.6
739,Sweden,2000,23.4,0.04173185,NA,-0.702350531,1.225307031,-0.295456094,4.6
740,Sweden,2001,21.81,0.04173185,NA,-0.702350531,1.290413978,-0.295277461,4.6
741,Sweden,2002,22.38,0.027289894,NA,-0.702350531,1.290413978,-0.29506028,4.9
742,Sweden,2003,24.01,0.027289894,NA,-0.702350531,1.355520926,-0.294811095,4.9
743,Sweden,2004,23.91,0.027289894,NA,-0.702350531,1.225307031,-0.2945467,4.9
744,Sweden,2005,24.97,0.027289894,1.520220661,-0.702350531,1.225307031,-0.29427677,4.9
745,Sweden,2006,25.3,0.099499673,1.520220661,-0.702350531,1.290413978,-0.293895305,5.4
746,Sweden,2007,25.11,0.099499673,1.520220661,-0.702350531,1.290413978,-0.29338911,5.4
747,Sweden,2008,24.63,0.099499673,1.520220661,-0.702350531,1.225307031,-0.292853271,5.4
748,Sweden,2009,21.14,0.099499673,1.520220661,-0.702350531,1.225307031,-0.292262511,5.4
749,Sweden,2010,23.55,0.157267496,1.287744328,-0.702350531,1.290413978,-0.291666262,7.2
750,Sweden,2011,23.04,0.157267496,1.287744328,-0.702350531,1.290413978,-0.291133853,7.2
751,Sweden,2012,21.19,0.157267496,1.287744328,-0.702350531,1.290413978,-0.29060838,7.2
752,Sweden,2013,20.27,0.157267496,1.287744328,NA,1.420627873,-0.29000169,7.2
753,Sweden,2014,19.99,0.450920596,1.287744328,NA,1.485734821,-0.289284709,7.2
754,Sweden,2015,19.56,0.450920596,NA,NA,1.485734821,-0.288512718,7.2
755,Sweden,2016,19.47,0.450920596,NA,NA,1.485734821,-0.287584772,7.2
756,Switzerland,1990,23.4,1.129692516,NA,0.371076218,0.899772294,-0.311607953,5
757,Switzerland,1991,24.05,1.389647719,NA,0.371076218,0.899772294,-0.310975395,7
758,Switzerland,1992,26.13,1.389647719,NA,0.371076218,0.964879241,-0.310410788,7
759,Switzerland,1993,23.82,1.389647719,NA,0.371076218,0.964879241,-0.309939689,7
760,Switzerland,1994,23.61,1.389647719,-0.959526889,0.371076218,0.964879241,-0.309523795,7
761,Switzerland,1995,24.65,1.139320487,-0.959526889,0.371076218,1.029986189,-0.309172596,4
762,Switzerland,1996,29.39,1.139320487,-0.959526889,0.371076218,1.029986189,-0.308939199,4
763,Switzerland,1997,26.17,1.139320487,-0.959526889,0.371076218,1.095093136,-0.308811458,4
764,Switzerland,1998,31.82,1.139320487,-0.959526889,0.371076218,1.095093136,-0.308653466,4
765,Switzerland,1999,28.81,0.677177903,NA,0.371076218,1.095093136,-0.308398897,4.5
766,Switzerland,2000,24.27,0.677177903,NA,0.371076218,1.160200084,-0.308097375,4.5
767,Switzerland,2001,29.14,0.677177903,NA,0.371076218,1.160200084,-0.307755823,4.5
768,Switzerland,2002,26.5,0.677177903,NA,0.371076218,1.160200084,-0.307344655,4.5
769,Switzerland,2003,26.01,0.474990522,NA,0.371076218,1.160200084,-0.306938362,6.5
770,Switzerland,2004,27.19,0.474990522,NA,0.371076218,1.225307031,-0.306559212,6.5
771,Switzerland,2005,29.7,0.474990522,1.055267996,0.371076218,1.225307031,-0.306203534,6.5
772,Switzerland,2006,32.14,0.474990522,1.055267996,0.371076218,1.290413978,-0.305852881,6.5
773,Switzerland,2007,29.42,0.556828272,1.055267996,0.371076218,1.355520926,-0.305349712,10
774,Switzerland,2008,29.18,0.556828272,1.055267996,0.371076218,1.420627873,-0.304626537,10
775,Switzerland,2009,28.62,0.556828272,1.055267996,0.371076218,1.485734821,-0.303906373,10
776,Switzerland,2010,27.69,0.556828272,NA,0.371076218,1.485734821,-0.303299137,10
777,Switzerland,2011,28.54,0.91306318,NA,0.371076218,1.485734821,-0.302643885,13.5
778,Switzerland,2012,41.26,0.91306318,NA,0.371076218,1.485734821,-0.302011296,13.5
779,Switzerland,2013,38.78,0.91306318,NA,NA,1.550841768,-0.301318626,13.5
780,Switzerland,2014,38.25,0.91306318,NA,NA,1.550841768,-0.300574893,13.5
781,Switzerland,2015,39.38,0.633852036,NA,NA,1.550841768,-0.299872771,9
782,Switzerland,2016,44.35,0.633852036,NA,NA,1.615948715,-0.299191658,9
783,United Kingdom,1990,182.63,-0.771831657,NA,-0.702350531,0.574237557,0.066853792,0
784,United Kingdom,1991,184.62,-0.771831657,NA,-0.702350531,0.639344504,0.068181769,0
785,United Kingdom,1992,189.07,-0.685179922,NA,-0.702350531,0.704451452,0.06934643,0
786,United Kingdom,1993,179.48,-0.685179922,NA,-0.702350531,0.704451452,0.070381573,0
787,United Kingdom,1994,177.36,-0.685179922,NA,-0.702350531,0.769558399,0.071483516,0
788,United Kingdom,1995,176.21,-0.685179922,NA,-0.702350531,0.769558399,0.07263155,0
789,United Kingdom,1996,183.97,-0.685179922,NA,-0.702350531,0.769558399,0.073739402,0
790,United Kingdom,1997,183.65,-0.598528188,NA,-0.702350531,0.834665346,0.074862862,0
791,United Kingdom,1998,190.21,-0.598528188,NA,-0.702350531,0.899772294,0.076137484,0
792,United Kingdom,1999,186.4,-0.598528188,NA,1.444502966,0.964879241,0.077600378,0
793,United Kingdom,2000,203.76,-0.598528188,NA,1.444502966,0.964879241,0.07917354,0
794,United Kingdom,2001,198.71,-0.540760365,NA,1.444502966,1.029986189,0.080874855,0
795,United Kingdom,2002,201.2,-0.540760365,NA,1.444502966,1.029986189,0.082753276,0
796,United Kingdom,2003,204.7,-0.540760365,NA,1.444502966,1.095093136,0.084828612,0
797,United Kingdom,2004,208.03,-0.540760365,NA,1.444502966,1.160200084,0.08737751,0
798,United Kingdom,2005,205.09,-0.415596749,0.900283774,1.444502966,1.160200084,0.090472943,0
799,United Kingdom,2006,206.31,-0.415596749,0.900283774,-0.702350531,1.160200084,0.093810385,0
800,United Kingdom,2007,205.85,-0.415596749,0.900283774,-0.702350531,1.225307031,0.097372731,0
801,United Kingdom,2008,197.19,-0.415596749,0.900283774,-0.702350531,1.225307031,0.101001651,0
802,United Kingdom,2009,172.21,-0.415596749,0.900283774,-0.702350531,1.290413978,0.104516303,0
803,United Kingdom,2010,185.64,-0.357828926,NA,-0.702350531,1.290413978,0.108186887,0
804,United Kingdom,2011,167.72,-0.357828926,NA,-0.702350531,1.290413978,0.111875072,0
805,United Kingdom,2012,174.25,-0.357828926,NA,-0.702350531,1.290413978,0.115180991,0
806,United Kingdom,2013,169.32,-0.357828926,NA,NA,1.355520926,0.118386947,0
807,United Kingdom,2014,163.31,-0.357828926,NA,NA,1.355520926,0.121937174,0
808,United Kingdom,2015,161.3,-0.25192125,NA,NA,1.355520926,0.125786204,0.2
809,United Kingdom,2016,157.07,-0.25192125,NA,NA,1.420627873,0.129496325,0.2
810,United States,1990,1377.7,-1.147322506,NA,1.444502966,1.029986189,1.50765642,0
811,United States,1991,1354.28,-1.147322506,NA,1.444502966,1.029986189,1.532806283,0
812,United States,1992,1405.08,-1.11362461,NA,1.444502966,1.095093136,1.559266814,0
813,United States,1993,1421.45,-1.11362461,NA,1.444502966,1.095093136,1.584768685,0
814,United States,1994,1449.36,-1.142508521,-0.727050556,1.444502966,1.095093136,1.608787628,0
815,United States,1995,1465.89,-1.142508521,-0.727050556,1.444502966,1.095093136,1.632394646,0
816,United States,1996,1511.62,-1.128066565,-0.727050556,1.444502966,1.160200084,1.655732041,0
817,United States,1997,1540.19,-1.128066565,-0.727050556,1.444502966,1.160200084,1.680170397,0
818,United States,1998,1585.04,-1.108810624,-0.727050556,1.444502966,1.160200084,1.704114445,0
819,United States,1999,1633.7,-1.108810624,0.357838997,1.444502966,1.160200084,1.727976107,0
820,United States,2000,1704.35,-1.094368669,0.357838997,1.444502966,1.160200084,1.751361517,0
821,United States,2001,1683.67,-1.094368669,0.357838997,1.444502966,1.160200084,1.77238123,0
822,United States,2002,1718.28,-1.108810624,0.357838997,1.444502966,1.160200084,1.792275221,0
823,United States,2003,1770.79,-1.108810624,0.357838997,1.444502966,1.160200084,1.810869792,0
824,United States,2004,1807.65,-1.094368669,0.357838997,1.444502966,1.225307031,1.831071805,0
825,United States,2005,1836.57,-1.094368669,-0.18460578,1.444502966,1.225307031,1.851378192,0
826,United States,2006,1833.16,-1.132880551,-0.18460578,1.444502966,1.225307031,1.872823078,0
827,United States,2007,1815.45,-1.132880551,-0.18460578,1.444502966,1.290413978,1.894177955,0
828,United States,2008,1726.94,-1.137694536,-0.18460578,1.444502966,1.290413978,1.915618692,0
829,United States,2009,1578.78,-1.137694536,-0.18460578,1.444502966,1.290413978,1.935672398,0
830,United States,2010,1629.67,-1.108810624,-0.417082113,1.444502966,1.290413978,1.954812761,0
831,United States,2011,1589.21,-1.108810624,-0.417082113,1.444502966,1.290413978,1.971711686,0
832,United States,2012,1543.75,-1.079926713,-0.417082113,1.444502966,1.355520926,1.988894038,0
833,United States,2013,1567.45,-1.079926713,-0.417082113,NA,1.355520926,2.00523834,0
834,United States,2014,1594.52,-1.118438595,-0.417082113,NA,1.355520926,2.022661863,0
835,United States,2015,1581.62,-1.118438595,NA,NA,1.355520926,2.040282232,0
836,United States,2016,1545.84,-1.12325258,NA,NA,1.355520926,2.05775353,0